2013/02/28 12:00:00,192.168.0.100,200,Jeffrey
2013/02/28 12:01:00,192.168.0.101,201,Jeffrey
2013/02/28 12:02:00,192.168.0.102,202,Jeffrey
2013/02/28 12:03:00,192.168.0.103,203,Jeffrey
2013/02/28 12:04:00,192.168.0.104,204,Jeffrey
2013/02/28 12:05:00,192.168.0.105,205,Jeffrey
2013/02/28 12:06:00,192.168.0.106,206,Jeffrey
2013/02/28 12:07:00,192.168.0.107,207,Jeffrey
2013/02/28 12:08:00,192.168.0.108,208,Jeffrey
2013/02/28 12:09:00,192.168.0.109,209,Jeffrey
2013/02/28 12:10:00,192.168.0.110,210,Jeffrey
2013/02/28 12:11:00,192.168.0.111,211,Jeffrey
2013/02/28 12:12:00,192.168.0.112,212,Jeffrey
2013/02/28 12:13:00,192.168.0.113,213,Jeffrey
2013/02/28 12:14:00,192.168.0.114,214,Jeffrey
2013/02/28 12:15:00,192.168.0.115,215,Jeffrey
2013/02/28 12:16:00,192.168.0.116,216,Jeffrey
2013/02/28 12:17:00,192.168.0.117,217,Jeffrey
2013/02/28 12:18:00,192.168.0.118,218,Jeffrey
2013/02/28 12:19:00,192.168.0.119,219,Jeffrey
2013/02/28 12:20:00,192.168.0.120,220,Jeffrey
2013/02/28 12:21:00,192.168.0.121,221,Jeffrey
2013/02/28 12:22:00,192.168.0.122,222,Jeffrey
2013/02/28 12:23:00,192.168.0.123,223,Jeffrey
2013/02/28 12:24:00,192.168.0.124,224,Jeffrey
2013/02/28 12:25:00,192.168.0.124,225,Jaeho
2013/02/28 12:25:00,192.168.0.124,225,Jaeho
2013/02/28 12:25:00,192.168.0.124,225,Jaeho
2013/02/28 12:25:00,192.168.0.124,225,Jaeho
2013/02/28 12:25:00,192.168.0.124,225,Jaeho
2013/02/28 12:25:00,192.168.0.124,225,Jaeho
2013/02/28 12:25:00,192.168.0.124,225,Jaeho
2013/02/28 12:25:00,192.168.0.124,225,Jaeho
2013/02/28 12:25:00,192.168.0.124,225,Jaeho
2013/02/28 12:25:00,192.168.0.124,225,Jaeho
2013/02/28 12:25:00,192.168.0.124,225,Jaeho
2013/02/28 12:25:00,192.168.0.124,225,Jaeho
